[
  {
    "question": "Loading...?",
    "options": ["option 1", "Option 2", "Option 3", "Option 4"],
    "answer": ""
  },
  {
    "question": "What is the capital of Canada?",
    "options": ["Toronto", "Ottawa", "Vancouver", "Montreal"],
    "answer": "Ottawa"
  },
  {
    "question": "Which planet is closest to the Sun?",
    "options": ["Venus", "Earth", "Mercury", "Mars"],
    "answer": "Mercury"
  },
  {
    "question": "Who wrote the play 'Romeo and Juliet'?",
    "options": ["William Shakespeare", "Jane Austen", "Mark Twain", "George Orwell"],
    "answer": "William Shakespeare"
  },
  {
    "question": "What is the chemical symbol for water?",
    "options": ["H2O", "CO2", "O2", "HO2"],
    "answer": "H2O"
  },
  {
    "question": "In which year did the Titanic sink?",
    "options": ["1910", "1912", "1915", "1920"],
    "answer": "1912"
  },
  {
    "question": "Which country is known as the Land of the Rising Sun?",
    "options": ["China", "Japan", "Thailand", "Vietnam"],
    "answer": "Japan"
  },
  {
    "question": "What is the largest internal organ in the human body?",
    "options": ["Heart", "Liver", "Lung", "Kidney"],
    "answer": "Liver"
  },
  {
    "question": "Who painted the Mona Lisa?",
    "options": ["Vincent Van Gogh", "Pablo Picasso", "Leonardo da Vinci", "Claude Monet"],
    "answer": "Leonardo da Vinci"
  },
  {
    "question": "Which element has the chemical symbol 'Fe'?",
    "options": ["Iron", "Fluorine", "Zinc", "Lead"],
    "answer": "Iron"
  },
  {
    "question": "What is the smallest prime number?",
    "options": ["0", "1", "2", "3"],
    "answer": "2"
  },
  {
    "question": "Which language has the most native speakers?",
    "options": ["English", "Spanish", "Hindi", "Mandarin Chinese"],
    "answer": "Mandarin Chinese"
  },
  {
    "question": "What is the currency of Brazil?",
    "options": ["Peso", "Real", "Dollar", "Euro"],
    "answer": "Real"
  },
  {
    "question": "How many players are on a soccer team (on the field)?",
    "options": ["10", "11", "12", "9"],
    "answer": "11"
  },
  {
    "question": "What gas do plants absorb during photosynthesis?",
    "options": ["Oxygen", "Nitrogen", "Carbon Dioxide", "Hydrogen"],
    "answer": "Carbon Dioxide"
  },
  {
    "question": "Which ocean is the largest?",
    "options": ["Atlantic", "Indian", "Arctic", "Pacific"],
    "answer": "Pacific"
  }
]
